run,dataset,metric_key,value,unit,n,status,source,source_sha256
L_R_MAIN025_K256,TextVQA_VAL,Overall,72.012,percent,5000,REPRODUCED,acc/L_R_MAIN025/TextVQA_VAL_score.json,4d97825a72fe6a7e
L_R_MAIN025_K256,ChartQA_TEST,test_human,47.599999999999994,percent,2500,REPRODUCED,acc/L_R_MAIN025/ChartQA_TEST_score.json,e70b61c506e336c7
L_R_MAIN025_K256,ChartQA_TEST,test_augmented,62.480000000000004,percent,2500,REPRODUCED,acc/L_R_MAIN025/ChartQA_TEST_score.json,e70b61c506e336c7
L_R_MAIN025_K256,ChartQA_TEST,Overall,55.04,percent,2500,REPRODUCED,acc/L_R_MAIN025/ChartQA_TEST_score.json,e70b61c506e336c7
L_R_MAIN025_K256,AI2D_TEST,split,0.0,fraction->percent,3088,REPRODUCED,acc/L_R_MAIN025/AI2D_TEST_score.json,1b9801edff8450a9
L_R_MAIN025_K256,AI2D_TEST,Overall,0.7477331606217616,fraction->percent,3088,REPRODUCED,acc/L_R_MAIN025/AI2D_TEST_score.json,1b9801edff8450a9
L_R_MAIN025_K256,AI2D_TEST,atomStructure,0.75,fraction->percent,3088,REPRODUCED,acc/L_R_MAIN025/AI2D_TEST_score.json,1b9801edff8450a9
L_R_MAIN025_K256,AI2D_TEST,eclipses,0.8064516129032258,fraction->percent,3088,REPRODUCED,acc/L_R_MAIN025/AI2D_TEST_score.json,1b9801edff8450a9
L_R_MAIN025_K256,AI2D_TEST,faultsEarthquakes,0.5357142857142857,fraction->percent,3088,REPRODUCED,acc/L_R_MAIN025/AI2D_TEST_score.json,1b9801edff8450a9
L_R_MAIN025_K256,AI2D_TEST,foodChainsWebs,0.8554216867469879,fraction->percent,3088,REPRODUCED,acc/L_R_MAIN025/AI2D_TEST_score.json,1b9801edff8450a9
L_R_MAIN025_K256,AI2D_TEST,lifeCycles,0.6258992805755396,fraction->percent,3088,REPRODUCED,acc/L_R_MAIN025/AI2D_TEST_score.json,1b9801edff8450a9
L_R_MAIN025_K256,AI2D_TEST,moonPhaseEquinox,0.5848375451263538,fraction->percent,3088,REPRODUCED,acc/L_R_MAIN025/AI2D_TEST_score.json,1b9801edff8450a9
L_R_MAIN025_K256,AI2D_TEST,partsOfA,0.7782340862422998,fraction->percent,3088,REPRODUCED,acc/L_R_MAIN025/AI2D_TEST_score.json,1b9801edff8450a9
L_R_MAIN025_K256,AI2D_TEST,partsOfTheEarth,0.7115384615384616,fraction->percent,3088,REPRODUCED,acc/L_R_MAIN025/AI2D_TEST_score.json,1b9801edff8450a9
L_R_MAIN025_K256,AI2D_TEST,photosynthesisRespiration,0.6329113924050633,fraction->percent,3088,REPRODUCED,acc/L_R_MAIN025/AI2D_TEST_score.json,1b9801edff8450a9
L_R_MAIN025_K256,AI2D_TEST,rockCycle,0.7014925373134329,fraction->percent,3088,REPRODUCED,acc/L_R_MAIN025/AI2D_TEST_score.json,1b9801edff8450a9
L_R_MAIN025_K256,AI2D_TEST,rockStrata,0.7317073170731707,fraction->percent,3088,REPRODUCED,acc/L_R_MAIN025/AI2D_TEST_score.json,1b9801edff8450a9
L_R_MAIN025_K256,AI2D_TEST,solarSystem,0.7222222222222222,fraction->percent,3088,REPRODUCED,acc/L_R_MAIN025/AI2D_TEST_score.json,1b9801edff8450a9
L_R_MAIN025_K256,AI2D_TEST,typesOf,0.6880466472303207,fraction->percent,3088,REPRODUCED,acc/L_R_MAIN025/AI2D_TEST_score.json,1b9801edff8450a9
L_R_MAIN025_K256,AI2D_TEST,volcano,0.75,fraction->percent,3088,REPRODUCED,acc/L_R_MAIN025/AI2D_TEST_score.json,1b9801edff8450a9
L_R_MAIN025_K256,AI2D_TEST,waterCNPCycle,0.6590909090909091,fraction->percent,3088,REPRODUCED,acc/L_R_MAIN025/AI2D_TEST_score.json,1b9801edff8450a9
L_R_MAIN025_K256,OCRBench,Text Recognition,229.0,raw,1000,REPRODUCED,acc/L_R_MAIN025/OCRBench_score.json,12342bd30ea4bb7f
L_R_MAIN025_K256,OCRBench,Scene Text-centric VQA,176.0,raw,1000,REPRODUCED,acc/L_R_MAIN025/OCRBench_score.json,12342bd30ea4bb7f
L_R_MAIN025_K256,OCRBench,Doc-oriented VQA,83.0,raw,1000,REPRODUCED,acc/L_R_MAIN025/OCRBench_score.json,12342bd30ea4bb7f
L_R_MAIN025_K256,OCRBench,Key Information Extraction,98.0,raw,1000,REPRODUCED,acc/L_R_MAIN025/OCRBench_score.json,12342bd30ea4bb7f
L_R_MAIN025_K256,OCRBench,Handwritten Mathematical Expression Recognition,46.0,raw,1000,REPRODUCED,acc/L_R_MAIN025/OCRBench_score.json,12342bd30ea4bb7f
L_R_MAIN025_K256,OCRBench,Final Score,632.0,raw,1000,REPRODUCED,acc/L_R_MAIN025/OCRBench_score.json,12342bd30ea4bb7f
L_R_MAIN025_K256,OCRBench,Final Score Norm,63.2,raw,1000,REPRODUCED,acc/L_R_MAIN025/OCRBench_score.json,12342bd30ea4bb7f
L_R_MAIN025_K256,HallusionBench,aAcc,64.45846477392219,percent,951,REPRODUCED,acc/L_R_MAIN025/HallusionBench_score.json,0f76e0fc24edd5a8
L_R_MAIN025_K256,HallusionBench,fAcc,41.040462427745666,percent,951,REPRODUCED,acc/L_R_MAIN025/HallusionBench_score.json,0f76e0fc24edd5a8
L_R_MAIN025_K256,HallusionBench,qAcc,38.02197802197802,percent,951,REPRODUCED,acc/L_R_MAIN025/HallusionBench_score.json,0f76e0fc24edd5a8
L_R_MAIN025_K256,MME,perception,1655.7809123649458,raw,2374,REPRODUCED,acc/L_R_MAIN025/MME_score.json,95ab555f11c2118b
L_R_MAIN025_K256,MME,reasoning,547.1428571428571,raw,2374,REPRODUCED,acc/L_R_MAIN025/MME_score.json,95ab555f11c2118b
L_R_MAIN025_K256,MME,OCR,185.0,raw,2374,REPRODUCED,acc/L_R_MAIN025/MME_score.json,95ab555f11c2118b
L_R_MAIN025_K256,MME,artwork,152.75,raw,2374,REPRODUCED,acc/L_R_MAIN025/MME_score.json,95ab555f11c2118b
L_R_MAIN025_K256,MME,celebrity,169.11764705882354,raw,2374,REPRODUCED,acc/L_R_MAIN025/MME_score.json,95ab555f11c2118b
L_R_MAIN025_K256,MME,code_reasoning,110.0,raw,2374,REPRODUCED,acc/L_R_MAIN025/MME_score.json,95ab555f11c2118b
L_R_MAIN025_K256,MME,color,170.0,raw,2374,REPRODUCED,acc/L_R_MAIN025/MME_score.json,95ab555f11c2118b
L_R_MAIN025_K256,MME,commonsense_reasoning,157.14285714285714,raw,2374,REPRODUCED,acc/L_R_MAIN025/MME_score.json,95ab555f11c2118b
L_R_MAIN025_K256,MME,count,160.0,raw,2374,REPRODUCED,acc/L_R_MAIN025/MME_score.json,95ab555f11c2118b
L_R_MAIN025_K256,MME,existence,195.0,raw,2374,REPRODUCED,acc/L_R_MAIN025/MME_score.json,95ab555f11c2118b
L_R_MAIN025_K256,MME,landmark,171.25,raw,2374,REPRODUCED,acc/L_R_MAIN025/MME_score.json,95ab555f11c2118b
L_R_MAIN025_K256,MME,numerical_calculation,110.0,raw,2374,REPRODUCED,acc/L_R_MAIN025/MME_score.json,95ab555f11c2118b
L_R_MAIN025_K256,MME,position,128.33333333333334,raw,2374,REPRODUCED,acc/L_R_MAIN025/MME_score.json,95ab555f11c2118b
L_R_MAIN025_K256,MME,posters,174.82993197278913,raw,2374,REPRODUCED,acc/L_R_MAIN025/MME_score.json,95ab555f11c2118b
L_R_MAIN025_K256,MME,scene,149.5,raw,2374,REPRODUCED,acc/L_R_MAIN025/MME_score.json,95ab555f11c2118b
L_R_MAIN025_K256,MME,text_translation,170.0,raw,2374,REPRODUCED,acc/L_R_MAIN025/MME_score.json,95ab555f11c2118b
L_R_MAIN025_K256,MMBench_DEV_EN_V11,split,0.0,fraction->percent,4876,REPRODUCED,acc/L_R_MAIN025/MMBench_DEV_EN_V11_score.json,216dd3b71dbecb48
L_R_MAIN025_K256,MMBench_DEV_EN_V11,Overall,0.794891640866873,fraction->percent,4876,REPRODUCED,acc/L_R_MAIN025/MMBench_DEV_EN_V11_score.json,216dd3b71dbecb48
L_R_MAIN025_K256,MMBench_DEV_EN_V11,AR,0.8597560975609756,fraction->percent,4876,REPRODUCED,acc/L_R_MAIN025/MMBench_DEV_EN_V11_score.json,216dd3b71dbecb48
L_R_MAIN025_K256,MMBench_DEV_EN_V11,CP,0.7928176795580111,fraction->percent,4876,REPRODUCED,acc/L_R_MAIN025/MMBench_DEV_EN_V11_score.json,216dd3b71dbecb48
L_R_MAIN025_K256,MMBench_DEV_EN_V11,FP-C,0.776536312849162,fraction->percent,4876,REPRODUCED,acc/L_R_MAIN025/MMBench_DEV_EN_V11_score.json,216dd3b71dbecb48
L_R_MAIN025_K256,MMBench_DEV_EN_V11,FP-S,0.8719723183391004,fraction->percent,4876,REPRODUCED,acc/L_R_MAIN025/MMBench_DEV_EN_V11_score.json,216dd3b71dbecb48
L_R_MAIN025_K256,MMBench_DEV_EN_V11,LR,0.6209677419354839,fraction->percent,4876,REPRODUCED,acc/L_R_MAIN025/MMBench_DEV_EN_V11_score.json,216dd3b71dbecb48
L_R_MAIN025_K256,MMBench_DEV_EN_V11,RR,0.7528735632183908,fraction->percent,4876,REPRODUCED,acc/L_R_MAIN025/MMBench_DEV_EN_V11_score.json,216dd3b71dbecb48
L_R_MAIN025_K256,MMBench_DEV_EN_V11,action_recognition,0.9230769230769231,fraction->percent,4876,REPRODUCED,acc/L_R_MAIN025/MMBench_DEV_EN_V11_score.json,216dd3b71dbecb48
L_R_MAIN025_K256,MMBench_DEV_EN_V11,attribute_comparison,0.7254901960784313,fraction->percent,4876,REPRODUCED,acc/L_R_MAIN025/MMBench_DEV_EN_V11_score.json,216dd3b71dbecb48
L_R_MAIN025_K256,MMBench_DEV_EN_V11,attribute_recognition,0.9333333333333333,fraction->percent,4876,REPRODUCED,acc/L_R_MAIN025/MMBench_DEV_EN_V11_score.json,216dd3b71dbecb48
L_R_MAIN025_K256,MMBench_DEV_EN_V11,celebrity_recognition,0.9696969696969697,fraction->percent,4876,REPRODUCED,acc/L_R_MAIN025/MMBench_DEV_EN_V11_score.json,216dd3b71dbecb48
L_R_MAIN025_K256,MMBench_DEV_EN_V11,function_reasoning,0.9,fraction->percent,4876,REPRODUCED,acc/L_R_MAIN025/MMBench_DEV_EN_V11_score.json,216dd3b71dbecb48
L_R_MAIN025_K256,MMBench_DEV_EN_V11,future_prediction,0.76,fraction->percent,4876,REPRODUCED,acc/L_R_MAIN025/MMBench_DEV_EN_V11_score.json,216dd3b71dbecb48
L_R_MAIN025_K256,MMBench_DEV_EN_V11,identity_reasoning,1.0,fraction->percent,4876,REPRODUCED,acc/L_R_MAIN025/MMBench_DEV_EN_V11_score.json,216dd3b71dbecb48
L_R_MAIN025_K256,MMBench_DEV_EN_V11,image_emotion,0.8333333333333334,fraction->percent,4876,REPRODUCED,acc/L_R_MAIN025/MMBench_DEV_EN_V11_score.json,216dd3b71dbecb48
L_R_MAIN025_K256,MMBench_DEV_EN_V11,image_quality,0.42857142857142855,fraction->percent,4876,REPRODUCED,acc/L_R_MAIN025/MMBench_DEV_EN_V11_score.json,216dd3b71dbecb48
L_R_MAIN025_K256,MMBench_DEV_EN_V11,image_scene,0.9270833333333334,fraction->percent,4876,REPRODUCED,acc/L_R_MAIN025/MMBench_DEV_EN_V11_score.json,216dd3b71dbecb48
L_R_MAIN025_K256,MMBench_DEV_EN_V11,image_style,0.8870967741935484,fraction->percent,4876,REPRODUCED,acc/L_R_MAIN025/MMBench_DEV_EN_V11_score.json,216dd3b71dbecb48
L_R_MAIN025_K256,MMBench_DEV_EN_V11,image_topic,0.95,fraction->percent,4876,REPRODUCED,acc/L_R_MAIN025/MMBench_DEV_EN_V11_score.json,216dd3b71dbecb48
L_R_MAIN025_K256,MMBench_DEV_EN_V11,nature_relation,0.8387096774193549,fraction->percent,4876,REPRODUCED,acc/L_R_MAIN025/MMBench_DEV_EN_V11_score.json,216dd3b71dbecb48
L_R_MAIN025_K256,MMBench_DEV_EN_V11,object_localization,0.6142857142857143,fraction->percent,4876,REPRODUCED,acc/L_R_MAIN025/MMBench_DEV_EN_V11_score.json,216dd3b71dbecb48
L_R_MAIN025_K256,MMBench_DEV_EN_V11,ocr,0.95,fraction->percent,4876,REPRODUCED,acc/L_R_MAIN025/MMBench_DEV_EN_V11_score.json,216dd3b71dbecb48
L_R_MAIN025_K256,MMBench_DEV_EN_V11,physical_property_reasoning,0.6792452830188679,fraction->percent,4876,REPRODUCED,acc/L_R_MAIN025/MMBench_DEV_EN_V11_score.json,216dd3b71dbecb48
L_R_MAIN025_K256,MMBench_DEV_EN_V11,physical_relation,0.52,fraction->percent,4876,REPRODUCED,acc/L_R_MAIN025/MMBench_DEV_EN_V11_score.json,216dd3b71dbecb48
L_R_MAIN025_K256,MMBench_DEV_EN_V11,social_relation,0.8548387096774194,fraction->percent,4876,REPRODUCED,acc/L_R_MAIN025/MMBench_DEV_EN_V11_score.json,216dd3b71dbecb48
L_R_MAIN025_K256,MMBench_DEV_EN_V11,spatial_relationship,0.6,fraction->percent,4876,REPRODUCED,acc/L_R_MAIN025/MMBench_DEV_EN_V11_score.json,216dd3b71dbecb48
L_R_MAIN025_K256,MMBench_DEV_EN_V11,structuralized_imagetext_understanding,0.527027027027027,fraction->percent,4876,REPRODUCED,acc/L_R_MAIN025/MMBench_DEV_EN_V11_score.json,216dd3b71dbecb48
L_R_MAIN025_K256,MMBench_DEV_CN_V11,Overall,0.7840557275541795,fraction->percent,4876,REPRODUCED,acc/L_R_MAIN025/MMBench_DEV_CN_V11_score.json,63651cf5cc8445c6
L_R_MAIN025_K256,MMBench_DEV_CN_V11,AR,0.8475609756097561,fraction->percent,4876,REPRODUCED,acc/L_R_MAIN025/MMBench_DEV_CN_V11_score.json,63651cf5cc8445c6
L_R_MAIN025_K256,MMBench_DEV_CN_V11,CP,0.8011049723756906,fraction->percent,4876,REPRODUCED,acc/L_R_MAIN025/MMBench_DEV_CN_V11_score.json,63651cf5cc8445c6
L_R_MAIN025_K256,MMBench_DEV_CN_V11,FP-C,0.7150837988826816,fraction->percent,4876,REPRODUCED,acc/L_R_MAIN025/MMBench_DEV_CN_V11_score.json,63651cf5cc8445c6
L_R_MAIN025_K256,MMBench_DEV_CN_V11,FP-S,0.8581314878892734,fraction->percent,4876,REPRODUCED,acc/L_R_MAIN025/MMBench_DEV_CN_V11_score.json,63651cf5cc8445c6
L_R_MAIN025_K256,MMBench_DEV_CN_V11,LR,0.5806451612903226,fraction->percent,4876,REPRODUCED,acc/L_R_MAIN025/MMBench_DEV_CN_V11_score.json,63651cf5cc8445c6
L_R_MAIN025_K256,MMBench_DEV_CN_V11,RR,0.7816091954022989,fraction->percent,4876,REPRODUCED,acc/L_R_MAIN025/MMBench_DEV_CN_V11_score.json,63651cf5cc8445c6
L_R_MAIN025_K256,MMBench_DEV_CN_V11,action_recognition,0.8589743589743589,fraction->percent,4876,REPRODUCED,acc/L_R_MAIN025/MMBench_DEV_CN_V11_score.json,63651cf5cc8445c6
L_R_MAIN025_K256,MMBench_DEV_CN_V11,attribute_comparison,0.7254901960784313,fraction->percent,4876,REPRODUCED,acc/L_R_MAIN025/MMBench_DEV_CN_V11_score.json,63651cf5cc8445c6
L_R_MAIN025_K256,MMBench_DEV_CN_V11,attribute_recognition,0.9,fraction->percent,4876,REPRODUCED,acc/L_R_MAIN025/MMBench_DEV_CN_V11_score.json,63651cf5cc8445c6
L_R_MAIN025_K256,MMBench_DEV_CN_V11,celebrity_recognition,0.9696969696969697,fraction->percent,4876,REPRODUCED,acc/L_R_MAIN025/MMBench_DEV_CN_V11_score.json,63651cf5cc8445c6
L_R_MAIN025_K256,MMBench_DEV_CN_V11,function_reasoning,0.9166666666666666,fraction->percent,4876,REPRODUCED,acc/L_R_MAIN025/MMBench_DEV_CN_V11_score.json,63651cf5cc8445c6
L_R_MAIN025_K256,MMBench_DEV_CN_V11,future_prediction,0.7,fraction->percent,4876,REPRODUCED,acc/L_R_MAIN025/MMBench_DEV_CN_V11_score.json,63651cf5cc8445c6
L_R_MAIN025_K256,MMBench_DEV_CN_V11,identity_reasoning,1.0,fraction->percent,4876,REPRODUCED,acc/L_R_MAIN025/MMBench_DEV_CN_V11_score.json,63651cf5cc8445c6
L_R_MAIN025_K256,MMBench_DEV_CN_V11,image_emotion,0.8333333333333334,fraction->percent,4876,REPRODUCED,acc/L_R_MAIN025/MMBench_DEV_CN_V11_score.json,63651cf5cc8445c6
L_R_MAIN025_K256,MMBench_DEV_CN_V11,image_quality,0.4523809523809524,fraction->percent,4876,REPRODUCED,acc/L_R_MAIN025/MMBench_DEV_CN_V11_score.json,63651cf5cc8445c6
L_R_MAIN025_K256,MMBench_DEV_CN_V11,image_scene,0.9166666666666666,fraction->percent,4876,REPRODUCED,acc/L_R_MAIN025/MMBench_DEV_CN_V11_score.json,63651cf5cc8445c6
L_R_MAIN025_K256,MMBench_DEV_CN_V11,image_style,0.9032258064516129,fraction->percent,4876,REPRODUCED,acc/L_R_MAIN025/MMBench_DEV_CN_V11_score.json,63651cf5cc8445c6
L_R_MAIN025_K256,MMBench_DEV_CN_V11,image_topic,0.9666666666666667,fraction->percent,4876,REPRODUCED,acc/L_R_MAIN025/MMBench_DEV_CN_V11_score.json,63651cf5cc8445c6
L_R_MAIN025_K256,MMBench_DEV_CN_V11,nature_relation,0.8548387096774194,fraction->percent,4876,REPRODUCED,acc/L_R_MAIN025/MMBench_DEV_CN_V11_score.json,63651cf5cc8445c6
L_R_MAIN025_K256,MMBench_DEV_CN_V11,object_localization,0.5857142857142857,fraction->percent,4876,REPRODUCED,acc/L_R_MAIN025/MMBench_DEV_CN_V11_score.json,63651cf5cc8445c6
L_R_MAIN025_K256,MMBench_DEV_CN_V11,ocr,0.95,fraction->percent,4876,REPRODUCED,acc/L_R_MAIN025/MMBench_DEV_CN_V11_score.json,63651cf5cc8445c6
L_R_MAIN025_K256,MMBench_DEV_CN_V11,physical_property_reasoning,0.6226415094339622,fraction->percent,4876,REPRODUCED,acc/L_R_MAIN025/MMBench_DEV_CN_V11_score.json,63651cf5cc8445c6
L_R_MAIN025_K256,MMBench_DEV_CN_V11,physical_relation,0.52,fraction->percent,4876,REPRODUCED,acc/L_R_MAIN025/MMBench_DEV_CN_V11_score.json,63651cf5cc8445c6
L_R_MAIN025_K256,MMBench_DEV_CN_V11,social_relation,0.9193548387096774,fraction->percent,4876,REPRODUCED,acc/L_R_MAIN025/MMBench_DEV_CN_V11_score.json,63651cf5cc8445c6
L_R_MAIN025_K256,MMBench_DEV_CN_V11,spatial_relationship,0.48,fraction->percent,4876,REPRODUCED,acc/L_R_MAIN025/MMBench_DEV_CN_V11_score.json,63651cf5cc8445c6
L_R_MAIN025_K256,MMBench_DEV_CN_V11,structuralized_imagetext_understanding,0.5,fraction->percent,4876,REPRODUCED,acc/L_R_MAIN025/MMBench_DEV_CN_V11_score.json,63651cf5cc8445c6
L_R_MAIN025_K256,DocVQA_VAL,val,63.10443271500505,percent,5349,REPRODUCED,acc/L_R_MAIN025/DocVQA_VAL_score.json,b151a2607cf7f980
L_R_MAIN025_K256,DocVQA_VAL,Overall,63.10443271500505,percent,5349,REPRODUCED,acc/L_R_MAIN025/DocVQA_VAL_score.json,b151a2607cf7f980
L_R_MAIN025_K256,InfoVQA_VAL,val,43.03301351244087,percent,2801,REPRODUCED,acc/L_R_MAIN025/InfoVQA_VAL_score.json,6afd811288509fcb
L_R_MAIN025_K256,InfoVQA_VAL,Overall,43.03301351244087,percent,2801,REPRODUCED,acc/L_R_MAIN025/InfoVQA_VAL_score.json,6afd811288509fcb
