table4_col,budget,arm,pipeline,value,status,n,metric,unit,crosscheck,paper_eadp_256,paper_full_1024,paper_status,score_json
TextVQA_VAL,K256,L_R_MAIN025,official_legacy,72.012,REPRODUCED,5000,VQA accuracy,percent,,71.4,83.8,reported: EADP arXiv 2607.02484v1 Table 4,acc/L_R_MAIN025/TextVQA_VAL_score.json
ChartQA_TEST,K256,L_R_MAIN025,official_legacy,55.04,REPRODUCED,2500,relaxed accuracy (Overall; human/aug stored separately),percent,,55.5,82.3,reported: EADP arXiv 2607.02484v1 Table 4,acc/L_R_MAIN025/ChartQA_TEST_score.json
AI2D_TEST,K256,L_R_MAIN025,official_legacy,74.773,REPRODUCED,3088,accuracy (exact match),fraction->percent,,75.7,86.3,reported: EADP arXiv 2607.02484v1 Table 4,acc/L_R_MAIN025/AI2D_TEST_score.json
OCRBench,K256,L_R_MAIN025,official_legacy,632.0,REPRODUCED,1000,official Final Score (raw /1000),raw,,625,855,reported: EADP arXiv 2607.02484v1 Table 4,acc/L_R_MAIN025/OCRBench_score.json
HallusionBench,K256,L_R_MAIN025,official_legacy,41.04,REPRODUCED,951,fAcc (paper column metric inferred: aAcc excluded as upper bound; fAcc closest to paper FULL 51.2; see p0_audit_table4.json),percent,True,42.8,51.2,reported: EADP arXiv 2607.02484v1 Table 4,acc/L_R_MAIN025/HallusionBench_score.json
MME,K256,L_R_MAIN025,official_legacy,2202.924,REPRODUCED,2374,"perception+reasoning sums (acc+ pair-based, crosscheck=True)",raw,True,2202.4,2440.2,reported: EADP arXiv 2607.02484v1 Table 4,acc/L_R_MAIN025/MME_score.json
MMBench_DEV_EN_V11,K256,L_R_MAIN025,official_legacy,79.489,REPRODUCED,1292,true circular headline over 1292 unique questions (official V11 file = 1292 base + 3584 rotation rows; group hit=all rotations correct; 1027/1292 bit-exact recompute; 4 eval-fail groups counted 0),fraction->percent,,80.5,86.3,reported: EADP arXiv 2607.02484v1 Table 4,acc/L_R_MAIN025/MMBench_DEV_EN_V11_score.json
MMBench_DEV_CN_V11,K256,L_R_MAIN025,official_legacy,78.406,REPRODUCED,1292,true circular headline over 1292 unique questions (1013/1292 bit-exact recompute; 1 eval-fail group counted 0),fraction->percent,,78.9,84.6,reported: EADP arXiv 2607.02484v1 Table 4,acc/L_R_MAIN025/MMBench_DEV_CN_V11_score.json
DocVQA_VAL,K256,L_R_MAIN025,official_legacy,63.104,REPRODUCED,5349,ANLS,percent,,62.8,94.5,reported: EADP arXiv 2607.02484v1 Table 4,acc/L_R_MAIN025/DocVQA_VAL_score.json
InfoVQA_VAL,K256,L_R_MAIN025,official_legacy,43.033,REPRODUCED,2801,ANLS (TSV md5 differs from pinned; upstream re-export),percent,,42.3,66.4,reported: EADP arXiv 2607.02484v1 Table 4,acc/L_R_MAIN025/InfoVQA_VAL_score.json
Avg,K256,L_R_MAIN025,official_legacy,68.024,FORMULA_VERIFIED,10 tasks,(8 pct cols + OCRBench/10 + MME/20)/10; reproduces all 10 paper Avg cells within 0.052; conditional on Hallusion=fAcc,percent,,68.2,84.3,reported: EADP arXiv 2607.02484v1 Table 4,legacy_full/p0_audit_table4.json
